INSERT INTO Y(YID, YName, YSex, YAge, YZhiCheng, YStatus) VALUES (1, '胡洧1', '2', 18, '管理员', '0')
INSERT INTO Y(YID, YName, YSex, YAge, YZhiCheng, YStatus) VALUES (2, '胡洧2', '2', 18, '销售', '0')
INSERT INTO Y(YID, YName, YSex, YAge, YZhiCheng, YStatus) VALUES (3, '胡洧3', '2', 18, '管理员', '0')
INSERT INTO Y(YID, YName, YSex, YAge, YZhiCheng, YStatus) VALUES (4, '浩浩1', '2', 18, '销售', '0')
INSERT INTO Y(YID, YName, YSex, YAge, YZhiCheng, YStatus) VALUES (5, '浩浩2', '2', 18, '管理员', '0')
INSERT INTO Y(YID, YName, YSex, YAge, YZhiCheng, YStatus) VALUES (6, '浩浩3', '2', 18, '销售', '0')
INSERT INTO Y(YID, YName, YSex, YAge, YZhiCheng, YStatus) VALUES (7, '胡洧4', '2', 18, '管理员4', '1')
INSERT INTO Y(YID, YName, YSex, YAge, YZhiCheng, YStatus) VALUES (8, '浩浩4', '2', 18, '销售4', '1')
select * from Y


INSERT INTO T(TID, Tname, TPrice, Tpdate, TKdate, TWeight, TNorms, TProducename, TSellPrice) VALUES (1, 'xm', 10, CURRENT_TIMESTAMP, 18, 20, '20x20', 'xmz', 100)
INSERT INTO T(TID, Tname, TPrice, Tpdate, TKdate, TWeight, TNorms, TProducename, TSellPrice) VALUES (2, 'mx', 10, CURRENT_TIMESTAMP, 18, 20, '20x20', 'xmz', 100)
INSERT INTO T(TID, Tname, TPrice, Tpdate, TKdate, TWeight, TNorms, TProducename, TSellPrice) VALUES (3, 'mm', 10, CURRENT_TIMESTAMP, 18, 20, '20x20', 'xmz', 100)
INSERT INTO T(TID, Tname, TPrice, Tpdate, TKdate, TWeight, TNorms, TProducename, TSellPrice) VALUES (4, 'xx', 10, CURRENT_TIMESTAMP, 18, 20, '20x20', 'xmz', 100)
INSERT INTO T(TID, Tname, TPrice, Tpdate, TKdate, TWeight, TNorms, TProducename, TSellPrice) VALUES (5, 'a', 10, CURRENT_TIMESTAMP, 18, 20, '20x20', 'xmz', 100)
INSERT INTO T(TID, Tname, TPrice, Tpdate, TKdate, TWeight, TNorms, TProducename, TSellPrice) VALUES (6, 'm', 10, CURRENT_TIMESTAMP, 18, 20, '20x20', 'xmz', 100)
INSERT INTO T(TID, Tname, TPrice, Tpdate, TKdate, TWeight, TNorms, TProducename, TSellPrice) VALUES (7, 'x', 10, CURRENT_TIMESTAMP, 18, 20, '20x20', 'xmz', 100)
INSERT INTO T(TID, Tname, TPrice, Tpdate, TKdate, TWeight, TNorms, TProducename, TSellPrice) VALUES (8, 'b', 10, CURRENT_TIMESTAMP, 18, 20, '20x20', 'xmz', 100)
select * from T


INSERT INTO S(SID, SName, SAddress, SFax, STele) VALUES (1, 'huwei', 'hhh', 'hhh', '12355677')
INSERT INTO S(SID, SName, SAddress, SFax, STele) VALUES (2, 'huwe1', 'hhh', 'hhh', '12355677')
INSERT INTO S(SID, SName, SAddress, SFax, STele) VALUES (3, 'huwe2', 'hhh', 'hhh', '12355677')
INSERT INTO S(SID, SName, SAddress, SFax, STele) VALUES (4, 'huwe3', 'hhh', 'hhh', '12355677')
INSERT INTO S(SID, SName, SAddress, SFax, STele) VALUES (5, 'huwe4', 'hhh', 'hhh', '12355677')
INSERT INTO S(SID, SName, SAddress, SFax, STele) VALUES (6, 'huwe5', 'hhh', 'hhh', '12355677')
INSERT INTO S(SID, SName, SAddress, SFax, STele) VALUES (7, 'huwe6', 'hhh', 'hhh', '12355677')
INSERT INTO S(SID, SName, SAddress, SFax, STele) VALUES (8, 'huwe7', 'hhh', 'hhh', '12355677')
select * from S


INSERT INTO G(GID, GName, GSex, GAge, GNum, GPhone, GStatus) VALUES (1, 'haoha1', '1', 18, 0, '12345671', '0')
INSERT INTO G(GID, GName, GSex, GAge, GNum, GPhone, GStatus) VALUES (2, 'haoha2', '1', 18, 0, '12345672', '0')
INSERT INTO G(GID, GName, GSex, GAge, GNum, GPhone, GStatus) VALUES (3, 'haoha3', '1', 18, 0, '12345673', '1')
INSERT INTO G(GID, GName, GSex, GAge, GNum, GPhone, GStatus) VALUES (4, 'haoha4', '1', 18, 0, '12345674', '0')
INSERT INTO G(GID, GName, GSex, GAge, GNum, GPhone, GStatus) VALUES (5, 'haoha5', '1', 18, 0, '12345675', '0')
INSERT INTO G(GID, GName, GSex, GAge, GNum, GPhone, GStatus) VALUES (6, 'haoha6', '1', 18, 0, '12345676', '1')
INSERT INTO G(GID, GName, GSex, GAge, GNum, GPhone, GStatus) VALUES (7, 'haoha7', '1', 18, 0, '12345677', '0')
INSERT INTO G(GID, GName, GSex, GAge, GNum, GPhone, GStatus) VALUES (8, 'haoha8', '1', 18, 0, '12345678', '0')
select * from G



INSERT INTO K(KID, KName, KNum, KHnum, KDnum, KPersonName, KPersonTele) VALUES(1, 'xq1', 100, 1000, 50, 'huwei1', '12345618')
INSERT INTO K(KID, KName, KNum, KHnum, KDnum, KPersonName, KPersonTele) VALUES(2, 'xq2', 100, 1000, 50, 'huwei2', '12345628')
INSERT INTO K(KID, KName, KNum, KHnum, KDnum, KPersonName, KPersonTele) VALUES(3, 'xq3', 100, 1000, 50, 'huwei4', '12345638')
INSERT INTO K(KID, KName, KNum, KHnum, KDnum, KPersonName, KPersonTele) VALUES(4, 'xq4', 100, 1000, 50, 'huwei3', '12345648')
INSERT INTO K(KID, KName, KNum, KHnum, KDnum, KPersonName, KPersonTele) VALUES(5, 'xq5', 100, 1000, 50, 'huwei5', '12345658')
INSERT INTO K(KID, KName, KNum, KHnum, KDnum, KPersonName, KPersonTele) VALUES(6, 'xq6', 100, 1000, 50, 'huwei6', '12345668')
INSERT INTO K(KID, KName, KNum, KHnum, KDnum, KPersonName, KPersonTele) VALUES(7, 'xq7', 100, 1000, 50, 'huwei7', '12345678')
select * from K


INSERT INTO GT(GID, TID, GTQY) VALUES (1, 1, 10)
INSERT INTO GT(GID, TID, GTQY) VALUES (2, 1, 10)
INSERT INTO GT(GID, TID, GTQY) VALUES (3, 2, 10)
INSERT INTO GT(GID, TID, GTQY) VALUES (4, 3, 10)
INSERT INTO GT(GID, TID, GTQY) VALUES (1, 1, 10)
INSERT INTO GT(GID, TID, GTQY) VALUES (2, 1, 10)
select * from GT


INSERT INTO KT(KID, TID, QTY) VALUES (1, 1, 10)
INSERT INTO KT(KID, TID, QTY) VALUES (2, 2, 10)
INSERT INTO KT(KID, TID, QTY) VALUES (3, 1, 10)
INSERT INTO KT(KID, TID, QTY) VALUES (4, 3, 10)
INSERT INTO KT(KID, TID, QTY) VALUES (3, 1, 10)
INSERT INTO KT(KID, TID, QTY) VALUES (1, 1, 10)
select * from KT

INSERT INTO PT(SID, TID, PNum, PPrice) VALUES (1, 1, 100, 1000)
INSERT INTO PT(SID, TID, PNum, PPrice) VALUES (2, 2, 100, 1000)
INSERT INTO PT(SID, TID, PNum, PPrice) VALUES (3, 1, 100, 1000)
INSERT INTO PT(SID, TID, PNum, PPrice) VALUES (4, 3, 100, 1000)
INSERT INTO PT(SID, TID, PNum, PPrice) VALUES (3, 1, 100, 1000)
INSERT INTO PT(SID, TID, PNum, PPrice) VALUES (1, 1, 100, 1000)
select * from PT

INSERT INTO ST(SID, TID, GQTY) VALUES (1, 1, 10)
INSERT INTO ST(SID, TID, GQTY) VALUES (2, 2, 10)
INSERT INTO ST(SID, TID, GQTY) VALUES (3, 1, 10)
INSERT INTO ST(SID, TID, GQTY) VALUES (4, 3, 10)
INSERT INTO ST(SID, TID, GQTY) VALUES (3, 1, 10)
INSERT INTO ST(SID, TID, GQTY) VALUES (2, 1, 10)
select * from ST

INSERT INTO YT(YID, TID, SQTY) VALUES (1, 1, 10)
INSERT INTO YT(YID, TID, SQTY) VALUES (2, 1, 10)
INSERT INTO YT(YID, TID, SQTY) VALUES (3, 3, 10)
INSERT INTO YT(YID, TID, SQTY) VALUES (2, 1, 10)
INSERT INTO YT(YID, TID, SQTY) VALUES (4, 2, 10)
INSERT INTO YT(YID, TID, SQTY) VALUES (1, 1, 10)
select * from YT


INSERT INTO ZT(SID, TID, ZNum, ZPrice) VALUES (1, 1, 5, 10)
INSERT INTO ZT(SID, TID, ZNum, ZPrice) VALUES (2, 2, 5, 10)
INSERT INTO ZT(SID, TID, ZNum, ZPrice) VALUES (3, 1, 5, 10)
INSERT INTO ZT(SID, TID, ZNum, ZPrice) VALUES (4, 3, 5, 10)
INSERT INTO ZT(SID, TID, ZNum, ZPrice) VALUES (3, 1, 5, 10)
INSERT INTO ZT(SID, TID, ZNum, ZPrice) VALUES (1, 1, 5, 10)
select * from ZT

